id, name, type, location
thejameskyle, "james kyle", User, "san francisco"
juliangarnier, "Julian Garnier", User, "Paris"
verekia, "Jonathan Verrecchia", User, "Paris, France"
sindresorhus, "Sindre Sorhus", User, "° ☾ ☆ ¸. ¸　★  :.　 . • ○ ° ★"
DrkSephy, "David Leonard", User, "New York City"
parkjs814, "Jason Park", User, "Hays, KS"
jaywcjlove, "小弟调调™", User, "Shanghai, China"
dthree, "dc", User, "Los Angeles"
ruanyf, "Ruan YiFeng", User, "Shanghai, China"
nosir, "Max Huang", User, "Sydney, Australia"
shekhargulati, "Shekhar Gulati", User, ""
huluoyang, "huluoyang", User, "苏州"
geeeeeeeeek, "Zhongyi Tong", User, "Shanghai, China"
justjavac, "迷渡", User, "Tianjin, China"
krasimir, "Krasimir Tsonev", User, "Bulgaria"
camwiegert, "Cam Wiegert", User, "Madison, WI"
nolanlawson, "Nolan Lawson", User, "Seattle"
gavinkwoe, "Gavin.Kwoe", User, "Beijing, china"
santinic, "Claudio Santini", User, "London, UK"
VPenkov, "VPenkov", User, "Sofia, Bulgaria"
sachinchoolur, "Sachin N", User, "Bangalore"
samyk, "Samy Kamkar", User, "Los Angeles, California"
yoshuawuyts, "Yoshua Wuyts", User, "Berlin, Germany"
sarcadass, "Benjamin Blonde", User, "Paris, France"
FezVrasta, "Federico Zivolo", User, "Budapest, Hungary (previously in Italy)"
henryboldi, "Henry Boldizsar", User, "SF"
hustcc, "hustcc", User, "China HangZhou"
rishabhp, "Rishabh", User, "India"
clauderic, "Claudéric Demers", User, "Montreal, Canada"
ianstormtaylor, "Ian Storm Taylor", User, "San Francisco, CA"
franciscop, "Francisco Presencia", User, "Valencia, Spain"
benhowdle89, "Ben Howdle", User, "Worcestershire, UK"
Aufree, "Paul King", User, "Shenzhen, China"
tj, "TJ Holowaychuk", User, "Victoria, BC, Canada"
garbles, "Gabe Scholz", User, "Vancouver, Canada"
threepointone, "Sunil Pai", User, "Bangalore, India"
IonicaBizau, "Ionică Bizău", User, "Romania"
egoist, "EGOIST", User, "Chengdu, China"
xviniette, "Vincent Bazia", User, "France, Montpellier"
joshwcomeau, "Joshua Comeau", User, "Montreal, QC"
mewo2, "Martin O'Leary", User, "Swansea, Wales"
andywer, "Andy Wermke", User, "Leipzig, Germany"
RafalWilinski, "Rafal Wilinski", User, "Poznań"
terwanerik, "Erik Terwan", User, "Utrecht, Netherlan